,Model Name,Dim,Method,Samples,Runtime_v,Runtime_f,Volume
0,"System(R, (x, y), [[1.1000000000000000 .. 1.4000000000000000], [2.3500000000000000 .. 2.4500000000000002]], (y, -x^2*y - x + y), varmap=bidict({'x': x, 'y': y})))",2.0, Flow*,,5.566855500001111,5.626324858996668,0.432768000622731
0,"System(R, (x, y), [[1.1000000000000000 .. 1.4000000000000000], [2.3500000000000000 .. 2.4500000000000002]], (y, -x^2*y - x + y), varmap=bidict({'x': x, 'y': y})))",2.0,sensitive,10,1.1578455109993229,1.4966634760057786,0.126617625281519
0,"System(R, (x, y), [[1.1000000000000000 .. 1.4000000000000000], [2.3500000000000000 .. 2.4500000000000002]], (y, -x^2*y - x + y), varmap=bidict({'x': x, 'y': y})))",2.0,lipschitz,10,0.24457075900863856,3.218009364005411,0.186707781625968
0,"System(R, (x, y), [[1.1000000000000000 .. 1.4000000000000000], [2.3500000000000000 .. 2.4500000000000002]], (y, -x^2*y - x + y), varmap=bidict({'x': x, 'y': y})))",2.0,sensitive,20,1.4215357170032803,1.8258920310036046,0.135797998640349
0,"System(R, (x, y), [[1.1000000000000000 .. 1.4000000000000000], [2.3500000000000000 .. 2.4500000000000002]], (y, -x^2*y - x + y), varmap=bidict({'x': x, 'y': y})))",2.0,lipschitz,20,0.38468450799700804,3.8411444329976803,0.188013235296591
0,"System(R, (x, y), [[1.1000000000000000 .. 1.4000000000000000], [2.3500000000000000 .. 2.4500000000000002]], (y, -x^2*y - x + y), varmap=bidict({'x': x, 'y': y})))",2.0,sensitive,50,3.527489346000948,4.235520494999946,0.137257629740890
0,"System(R, (x, y), [[1.1000000000000000 .. 1.4000000000000000], [2.3500000000000000 .. 2.4500000000000002]], (y, -x^2*y - x + y), varmap=bidict({'x': x, 'y': y})))",2.0,lipschitz,50,0.8704510090028634,8.061562985996716,0.229919572286816
0,"System(R, (x, y), [[1.1000000000000000 .. 1.4000000000000000], [2.3500000000000000 .. 2.4500000000000002]], (y, -x^2*y - x + y), varmap=bidict({'x': x, 'y': y})))",2.0,sensitive,75,4.43088725200505,5.548661164008081,0.133015073032134
0,"System(R, (x, y), [[1.1000000000000000 .. 1.4000000000000000], [2.3500000000000000 .. 2.4500000000000002]], (y, -x^2*y - x + y), varmap=bidict({'x': x, 'y': y})))",2.0,lipschitz,75,1.8397267690015724,14.14608710500761,0.226553413188235
0,"System(R, (x, y), [[1.1000000000000000 .. 1.4000000000000000], [2.3500000000000000 .. 2.4500000000000002]], (y, -x^2*y - x + y), varmap=bidict({'x': x, 'y': y})))",2.0,sensitive,100,6.189216787999612,8.065889446996152,0.135636378548631
0,"System(R, (x, y), [[1.1000000000000000 .. 1.4000000000000000], [2.3500000000000000 .. 2.4500000000000002]], (y, -x^2*y - x + y), varmap=bidict({'x': x, 'y': y})))",2.0,lipschitz,100,1.761531437994563,21.47591431600449,0.215004691781152
0,"System(R, (x, y), [[1.1000000000000000 .. 1.4000000000000000], [2.3500000000000000 .. 2.4500000000000002]], (y, -x^2*y - x + y), varmap=bidict({'x': x, 'y': y})))",2.0,sensitive,150,22.345175788999768,27.95736957900226,0.138758496518728
0,"System(R, (x, y), [[1.1000000000000000 .. 1.4000000000000000], [2.3500000000000000 .. 2.4500000000000002]], (y, -x^2*y - x + y), varmap=bidict({'x': x, 'y': y})))",2.0,lipschitz,150,3.900697595003294,40.654173072005506,0.250998446797005
0,"System(R, (x, y), [[1.1000000000000000 .. 1.4000000000000000], [2.3500000000000000 .. 2.4500000000000002]], (y, -x^2*y - x + y), varmap=bidict({'x': x, 'y': y})))",2.0,sensitive,200,13.457467469997937,16.296138972000335,0.136281379182142
0,"System(R, (x, y), [[1.1000000000000000 .. 1.4000000000000000], [2.3500000000000000 .. 2.4500000000000002]], (y, -x^2*y - x + y), varmap=bidict({'x': x, 'y': y})))",2.0,lipschitz,200,3.6982136000005994,34.0557356079953,0.236311477950331
0,"System(R, (x, y), [[1.1000000000000000 .. 1.4000000000000000], [2.3500000000000000 .. 2.4500000000000002]], (y, -x^2*y - x + y), varmap=bidict({'x': x, 'y': y})))",2.0,sensitive,400,33.605522208003094,47.7600404570112,0.139925267133012
0,"System(R, (x, y), [[1.1000000000000000 .. 1.4000000000000000], [2.3500000000000000 .. 2.4500000000000002]], (y, -x^2*y - x + y), varmap=bidict({'x': x, 'y': y})))",2.0,lipschitz,400,14.379009215001133,97.57657452799322,0.257598378670555
0,"System(R, (x, y), [[1.1000000000000000 .. 1.4000000000000000], [2.3500000000000000 .. 2.4500000000000002]], (y, -x^2*y - x + y), varmap=bidict({'x': x, 'y': y})))",2.0,sensitive,500,39.26559893699596,48.57661584200105,0.139503755997733
0,"System(R, (x, y), [[1.1000000000000000 .. 1.4000000000000000], [2.3500000000000000 .. 2.4500000000000002]], (y, -x^2*y - x + y), varmap=bidict({'x': x, 'y': y})))",2.0,lipschitz,500,8.293203053006437,69.24122061200615,0.266464234041186
0,"System(R, (x, y), [[1.1000000000000000 .. 1.4000000000000000], [2.3500000000000000 .. 2.4500000000000002]], (y, -x^2*y - x + y), varmap=bidict({'x': x, 'y': y})))",2.0,sensitive,750,44.552225171006285,53.30549946699466,0.139339223336138
0,"System(R, (x, y), [[1.1000000000000000 .. 1.4000000000000000], [2.3500000000000000 .. 2.4500000000000002]], (y, -x^2*y - x + y), varmap=bidict({'x': x, 'y': y})))",2.0,lipschitz,750,10.481052760995226,94.81364121299703,0.284169954391383
0,"System(R, (x, y), [[1.1000000000000000 .. 1.4000000000000000], [2.3500000000000000 .. 2.4500000000000002]], (y, -x^2*y - x + y), varmap=bidict({'x': x, 'y': y})))",2.0,sensitive,1000,57.847768141989945,70.68485429498833,0.139615859687319
0,"System(R, (x, y), [[1.1000000000000000 .. 1.4000000000000000], [2.3500000000000000 .. 2.4500000000000002]], (y, -x^2*y - x + y), varmap=bidict({'x': x, 'y': y})))",2.0,lipschitz,1000,15.65236848598579,138.22871962598583,0.301916550075100
0,"System(R, (x1, y1, x2, y2), [[1.2500000000000000 .. 1.5500000000000001], [2.3500000000000000 .. 2.4500000000000002], [1.2500000000000000 .. 1.5500000000000001], [2.3500000000000000 .. 2.4500000000000002]], (y1, -x1^2*y1 - 2*x1 + y1 + x2, y2, -x2^2*y2 + x1 - 2*x2 + y2), varmap=bidict({'x1': x1, 'y1': y1, 'x2': x2, 'y2': y2})))",4.0, Flow*,,19.509617662988603,19.672704731987324,0.181785889863816
0,"System(R, (x1, y1, x2, y2), [[1.2500000000000000 .. 1.5500000000000001], [2.3500000000000000 .. 2.4500000000000002], [1.2500000000000000 .. 1.5500000000000001], [2.3500000000000000 .. 2.4500000000000002]], (y1, -x1^2*y1 - 2*x1 + y1 + x2, y2, -x2^2*y2 + x1 - 2*x2 + y2), varmap=bidict({'x1': x1, 'y1': y1, 'x2': x2, 'y2': y2})))",4.0,sensitive,10,6.5472603410016745,6.771532010985538,0.0200946472410706
0,"System(R, (x1, y1, x2, y2), [[1.2500000000000000 .. 1.5500000000000001], [2.3500000000000000 .. 2.4500000000000002], [1.2500000000000000 .. 1.5500000000000001], [2.3500000000000000 .. 2.4500000000000002]], (y1, -x1^2*y1 - 2*x1 + y1 + x2, y2, -x2^2*y2 + x1 - 2*x2 + y2), varmap=bidict({'x1': x1, 'y1': y1, 'x2': x2, 'y2': y2})))",4.0,lipschitz,10,0.3577006359992083,1.7742666630074382,0.00994280961091322
0,"System(R, (x1, y1, x2, y2), [[1.2500000000000000 .. 1.5500000000000001], [2.3500000000000000 .. 2.4500000000000002], [1.2500000000000000 .. 1.5500000000000001], [2.3500000000000000 .. 2.4500000000000002]], (y1, -x1^2*y1 - 2*x1 + y1 + x2, y2, -x2^2*y2 + x1 - 2*x2 + y2), varmap=bidict({'x1': x1, 'y1': y1, 'x2': x2, 'y2': y2})))",4.0,sensitive,20,11.693289302987978,12.137172646995168,0.0254088085376105
0,"System(R, (x1, y1, x2, y2), [[1.2500000000000000 .. 1.5500000000000001], [2.3500000000000000 .. 2.4500000000000002], [1.2500000000000000 .. 1.5500000000000001], [2.3500000000000000 .. 2.4500000000000002]], (y1, -x1^2*y1 - 2*x1 + y1 + x2, y2, -x2^2*y2 + x1 - 2*x2 + y2), varmap=bidict({'x1': x1, 'y1': y1, 'x2': x2, 'y2': y2})))",4.0,lipschitz,20,0.5740473089972511,3.200648360012565,0.00922054712530217
0,"System(R, (x1, y1, x2, y2), [[1.2500000000000000 .. 1.5500000000000001], [2.3500000000000000 .. 2.4500000000000002], [1.2500000000000000 .. 1.5500000000000001], [2.3500000000000000 .. 2.4500000000000002]], (y1, -x1^2*y1 - 2*x1 + y1 + x2, y2, -x2^2*y2 + x1 - 2*x2 + y2), varmap=bidict({'x1': x1, 'y1': y1, 'x2': x2, 'y2': y2})))",4.0,sensitive,50,28.605226729006972,29.626609647006262,0.0253773259691795
0,"System(R, (x1, y1, x2, y2), [[1.2500000000000000 .. 1.5500000000000001], [2.3500000000000000 .. 2.4500000000000002], [1.2500000000000000 .. 1.5500000000000001], [2.3500000000000000 .. 2.4500000000000002]], (y1, -x1^2*y1 - 2*x1 + y1 + x2, y2, -x2^2*y2 + x1 - 2*x2 + y2), varmap=bidict({'x1': x1, 'y1': y1, 'x2': x2, 'y2': y2})))",4.0,lipschitz,50,1.4768107169948053,7.595932044001529,0.0104568928398987
0,"System(R, (x1, y1, x2, y2), [[1.2500000000000000 .. 1.5500000000000001], [2.3500000000000000 .. 2.4500000000000002], [1.2500000000000000 .. 1.5500000000000001], [2.3500000000000000 .. 2.4500000000000002]], (y1, -x1^2*y1 - 2*x1 + y1 + x2, y2, -x2^2*y2 + x1 - 2*x2 + y2), varmap=bidict({'x1': x1, 'y1': y1, 'x2': x2, 'y2': y2})))",4.0,sensitive,75,42.84158557001501,44.31237830300233,0.0275077783182841
0,"System(R, (x1, y1, x2, y2), [[1.2500000000000000 .. 1.5500000000000001], [2.3500000000000000 .. 2.4500000000000002], [1.2500000000000000 .. 1.5500000000000001], [2.3500000000000000 .. 2.4500000000000002]], (y1, -x1^2*y1 - 2*x1 + y1 + x2, y2, -x2^2*y2 + x1 - 2*x2 + y2), varmap=bidict({'x1': x1, 'y1': y1, 'x2': x2, 'y2': y2})))",4.0,lipschitz,75,2.1156122449901886,11.514564032986527,0.0139284476447714
0,"System(R, (x1, y1, x2, y2), [[1.2500000000000000 .. 1.5500000000000001], [2.3500000000000000 .. 2.4500000000000002], [1.2500000000000000 .. 1.5500000000000001], [2.3500000000000000 .. 2.4500000000000002]], (y1, -x1^2*y1 - 2*x1 + y1 + x2, y2, -x2^2*y2 + x1 - 2*x2 + y2), varmap=bidict({'x1': x1, 'y1': y1, 'x2': x2, 'y2': y2})))",4.0,sensitive,100,57.64033157701488,60.45941567700356,0.0255552836839239
0,"System(R, (x1, y1, x2, y2), [[1.2500000000000000 .. 1.5500000000000001], [2.3500000000000000 .. 2.4500000000000002], [1.2500000000000000 .. 1.5500000000000001], [2.3500000000000000 .. 2.4500000000000002]], (y1, -x1^2*y1 - 2*x1 + y1 + x2, y2, -x2^2*y2 + x1 - 2*x2 + y2), varmap=bidict({'x1': x1, 'y1': y1, 'x2': x2, 'y2': y2})))",4.0,lipschitz,100,3.0014951360062696,15.359671231009997,0.0190395991662916
0,"System(R, (x1, y1, x2, y2), [[1.2500000000000000 .. 1.5500000000000001], [2.3500000000000000 .. 2.4500000000000002], [1.2500000000000000 .. 1.5500000000000001], [2.3500000000000000 .. 2.4500000000000002]], (y1, -x1^2*y1 - 2*x1 + y1 + x2, y2, -x2^2*y2 + x1 - 2*x2 + y2), varmap=bidict({'x1': x1, 'y1': y1, 'x2': x2, 'y2': y2})))",4.0,sensitive,150,85.73635425500106,88.64359322498785,0.0263083610738674
0,"System(R, (x1, y1, x2, y2), [[1.2500000000000000 .. 1.5500000000000001], [2.3500000000000000 .. 2.4500000000000002], [1.2500000000000000 .. 1.5500000000000001], [2.3500000000000000 .. 2.4500000000000002]], (y1, -x1^2*y1 - 2*x1 + y1 + x2, y2, -x2^2*y2 + x1 - 2*x2 + y2), varmap=bidict({'x1': x1, 'y1': y1, 'x2': x2, 'y2': y2})))",4.0,lipschitz,150,4.4107978959800676,23.484742670989363,0.0222073891050921
0,"System(R, (x1, y1, x2, y2), [[1.2500000000000000 .. 1.5500000000000001], [2.3500000000000000 .. 2.4500000000000002], [1.2500000000000000 .. 1.5500000000000001], [2.3500000000000000 .. 2.4500000000000002]], (y1, -x1^2*y1 - 2*x1 + y1 + x2, y2, -x2^2*y2 + x1 - 2*x2 + y2), varmap=bidict({'x1': x1, 'y1': y1, 'x2': x2, 'y2': y2})))",4.0,sensitive,200,115.09324668100453,118.96786130400142,0.0290595192374700
0,"System(R, (x1, y1, x2, y2), [[1.2500000000000000 .. 1.5500000000000001], [2.3500000000000000 .. 2.4500000000000002], [1.2500000000000000 .. 1.5500000000000001], [2.3500000000000000 .. 2.4500000000000002]], (y1, -x1^2*y1 - 2*x1 + y1 + x2, y2, -x2^2*y2 + x1 - 2*x2 + y2), varmap=bidict({'x1': x1, 'y1': y1, 'x2': x2, 'y2': y2})))",4.0,lipschitz,200,5.6537206759967376,31.605954639991978,0.0201889452042217
0,"System(R, (x1, y1, x2, y2), [[1.2500000000000000 .. 1.5500000000000001], [2.3500000000000000 .. 2.4500000000000002], [1.2500000000000000 .. 1.5500000000000001], [2.3500000000000000 .. 2.4500000000000002]], (y1, -x1^2*y1 - 2*x1 + y1 + x2, y2, -x2^2*y2 + x1 - 2*x2 + y2), varmap=bidict({'x1': x1, 'y1': y1, 'x2': x2, 'y2': y2})))",4.0,sensitive,400,236.64936713999487,244.5000651049777,0.0266424762400544
0,"System(R, (x1, y1, x2, y2), [[1.2500000000000000 .. 1.5500000000000001], [2.3500000000000000 .. 2.4500000000000002], [1.2500000000000000 .. 1.5500000000000001], [2.3500000000000000 .. 2.4500000000000002]], (y1, -x1^2*y1 - 2*x1 + y1 + x2, y2, -x2^2*y2 + x1 - 2*x2 + y2), varmap=bidict({'x1': x1, 'y1': y1, 'x2': x2, 'y2': y2})))",4.0,lipschitz,400,12.441831206000643,63.06997922298615,0.0201839278445802
0,"System(R, (x1, y1, x2, y2), [[1.2500000000000000 .. 1.5500000000000001], [2.3500000000000000 .. 2.4500000000000002], [1.2500000000000000 .. 1.5500000000000001], [2.3500000000000000 .. 2.4500000000000002]], (y1, -x1^2*y1 - 2*x1 + y1 + x2, y2, -x2^2*y2 + x1 - 2*x2 + y2), varmap=bidict({'x1': x1, 'y1': y1, 'x2': x2, 'y2': y2})))",4.0,sensitive,500,291.22097134398064,301.3242731789942,0.0275505592875785
0,"System(R, (x1, y1, x2, y2), [[1.2500000000000000 .. 1.5500000000000001], [2.3500000000000000 .. 2.4500000000000002], [1.2500000000000000 .. 1.5500000000000001], [2.3500000000000000 .. 2.4500000000000002]], (y1, -x1^2*y1 - 2*x1 + y1 + x2, y2, -x2^2*y2 + x1 - 2*x2 + y2), varmap=bidict({'x1': x1, 'y1': y1, 'x2': x2, 'y2': y2})))",4.0,lipschitz,500,14.804513123002835,78.34419372101547,0.0252356127269904
0,"System(R, (x1, y1, x2, y2), [[1.2500000000000000 .. 1.5500000000000001], [2.3500000000000000 .. 2.4500000000000002], [1.2500000000000000 .. 1.5500000000000001], [2.3500000000000000 .. 2.4500000000000002]], (y1, -x1^2*y1 - 2*x1 + y1 + x2, y2, -x2^2*y2 + x1 - 2*x2 + y2), varmap=bidict({'x1': x1, 'y1': y1, 'x2': x2, 'y2': y2})))",4.0,sensitive,750,438.5742325190222,454.2152170460031,0.0271113087095486
0,"System(R, (x1, y1, x2, y2), [[1.2500000000000000 .. 1.5500000000000001], [2.3500000000000000 .. 2.4500000000000002], [1.2500000000000000 .. 1.5500000000000001], [2.3500000000000000 .. 2.4500000000000002]], (y1, -x1^2*y1 - 2*x1 + y1 + x2, y2, -x2^2*y2 + x1 - 2*x2 + y2), varmap=bidict({'x1': x1, 'y1': y1, 'x2': x2, 'y2': y2})))",4.0,lipschitz,750,22.335473323997576,117.00248000200372,0.0242448656128013
0,"System(R, (x1, y1, x2, y2), [[1.2500000000000000 .. 1.5500000000000001], [2.3500000000000000 .. 2.4500000000000002], [1.2500000000000000 .. 1.5500000000000001], [2.3500000000000000 .. 2.4500000000000002]], (y1, -x1^2*y1 - 2*x1 + y1 + x2, y2, -x2^2*y2 + x1 - 2*x2 + y2), varmap=bidict({'x1': x1, 'y1': y1, 'x2': x2, 'y2': y2})))",4.0,sensitive,1000,579.1412792430201,598.0576855410181,0.0289842347291437
0,"System(R, (x1, y1, x2, y2), [[1.2500000000000000 .. 1.5500000000000001], [2.3500000000000000 .. 2.4500000000000002], [1.2500000000000000 .. 1.5500000000000001], [2.3500000000000000 .. 2.4500000000000002]], (y1, -x1^2*y1 - 2*x1 + y1 + x2, y2, -x2^2*y2 + x1 - 2*x2 + y2), varmap=bidict({'x1': x1, 'y1': y1, 'x2': x2, 'y2': y2})))",4.0,lipschitz,1000,27.611302463017637,144.99056936902343,0.0305612811439921
0,"System(R, (x, y, z), [[0.69999999999999995 .. 1.0000000000000000], 1, 1], (-y - z, x + 0.3980000000000000?*y, x*z - 4*z + 2), varmap=bidict({'x': x, 'y': y, 'z': z})))",3.0, Flow*,,1.5731267590017524,1.604747892008163,0.0783086424540341
0,"System(R, (x, y, z), [[0.69999999999999995 .. 1.0000000000000000], 1, 1], (-y - z, x + 0.3980000000000000?*y, x*z - 4*z + 2), varmap=bidict({'x': x, 'y': y, 'z': z})))",3.0,sensitive,10,1.6620533840032294,1.8468654419993982,0.0107034996636605
0,"System(R, (x, y, z), [[0.69999999999999995 .. 1.0000000000000000], 1, 1], (-y - z, x + 0.3980000000000000?*y, x*z - 4*z + 2), varmap=bidict({'x': x, 'y': y, 'z': z})))",3.0,lipschitz,10,0.2702863880258519,1.663029704010114,0.0129829938018067
0,"System(R, (x, y, z), [[0.69999999999999995 .. 1.0000000000000000], 1, 1], (-y - z, x + 0.3980000000000000?*y, x*z - 4*z + 2), varmap=bidict({'x': x, 'y': y, 'z': z})))",3.0,sensitive,20,3.1829603950027376,3.506464660022175,0.0110671154907961
0,"System(R, (x, y, z), [[0.69999999999999995 .. 1.0000000000000000], 1, 1], (-y - z, x + 0.3980000000000000?*y, x*z - 4*z + 2), varmap=bidict({'x': x, 'y': y, 'z': z})))",3.0,lipschitz,20,0.34812239900929853,2.725943488010671,0.0121549968798370
0,"System(R, (x, y, z), [[0.69999999999999995 .. 1.0000000000000000], 1, 1], (-y - z, x + 0.3980000000000000?*y, x*z - 4*z + 2), varmap=bidict({'x': x, 'y': y, 'z': z})))",3.0,sensitive,50,7.194145222980296,7.976760513003683,0.0109847864077163
0,"System(R, (x, y, z), [[0.69999999999999995 .. 1.0000000000000000], 1, 1], (-y - z, x + 0.3980000000000000?*y, x*z - 4*z + 2), varmap=bidict({'x': x, 'y': y, 'z': z})))",3.0,lipschitz,50,0.832302647002507,6.495004513009917,0.0152948134029791
0,"System(R, (x, y, z), [[0.69999999999999995 .. 1.0000000000000000], 1, 1], (-y - z, x + 0.3980000000000000?*y, x*z - 4*z + 2), varmap=bidict({'x': x, 'y': y, 'z': z})))",3.0,sensitive,75,11.78253003701684,12.925083242007531,0.0110902173332106
0,"System(R, (x, y, z), [[0.69999999999999995 .. 1.0000000000000000], 1, 1], (-y - z, x + 0.3980000000000000?*y, x*z - 4*z + 2), varmap=bidict({'x': x, 'y': y, 'z': z})))",3.0,lipschitz,75,1.308337554015452,10.682333054021,0.0257605225087778
0,"System(R, (x, y, z), [[0.69999999999999995 .. 1.0000000000000000], 1, 1], (-y - z, x + 0.3980000000000000?*y, x*z - 4*z + 2), varmap=bidict({'x': x, 'y': y, 'z': z})))",3.0,sensitive,100,15.276122551003937,16.80136541899992,0.0110891958463765
0,"System(R, (x, y, z), [[0.69999999999999995 .. 1.0000000000000000], 1, 1], (-y - z, x + 0.3980000000000000?*y, x*z - 4*z + 2), varmap=bidict({'x': x, 'y': y, 'z': z})))",3.0,lipschitz,100,1.9656759630015586,13.737798852002015,0.0189256049938926
0,"System(R, (x, y, z), [[0.69999999999999995 .. 1.0000000000000000], 1, 1], (-y - z, x + 0.3980000000000000?*y, x*z - 4*z + 2), varmap=bidict({'x': x, 'y': y, 'z': z})))",3.0,sensitive,150,22.365185123984702,24.597796433983603,0.0110821689326264
0,"System(R, (x, y, z), [[0.69999999999999995 .. 1.0000000000000000], 1, 1], (-y - z, x + 0.3980000000000000?*y, x*z - 4*z + 2), varmap=bidict({'x': x, 'y': y, 'z': z})))",3.0,lipschitz,150,2.5340234710020013,20.50250887798029,0.0378462774093846
0,"System(R, (x, y, z), [[0.69999999999999995 .. 1.0000000000000000], 1, 1], (-y - z, x + 0.3980000000000000?*y, x*z - 4*z + 2), varmap=bidict({'x': x, 'y': y, 'z': z})))",3.0,sensitive,200,29.43124885499128,32.53374407198862,0.0110655318094065
0,"System(R, (x, y, z), [[0.69999999999999995 .. 1.0000000000000000], 1, 1], (-y - z, x + 0.3980000000000000?*y, x*z - 4*z + 2), varmap=bidict({'x': x, 'y': y, 'z': z})))",3.0,lipschitz,200,3.3071159649989568,27.324985719984397,0.0237992451445138
0,"System(R, (x, y, z), [[0.69999999999999995 .. 1.0000000000000000], 1, 1], (-y - z, x + 0.3980000000000000?*y, x*z - 4*z + 2), varmap=bidict({'x': x, 'y': y, 'z': z})))",3.0,sensitive,400,59.409195752989035,65.46737944500637,0.0110879214083081
0,"System(R, (x, y, z), [[0.69999999999999995 .. 1.0000000000000000], 1, 1], (-y - z, x + 0.3980000000000000?*y, x*z - 4*z + 2), varmap=bidict({'x': x, 'y': y, 'z': z})))",3.0,lipschitz,400,6.9427529029781,54.154970337986015,0.0511987512309689
0,"System(R, (x, y, z), [[0.69999999999999995 .. 1.0000000000000000], 1, 1], (-y - z, x + 0.3980000000000000?*y, x*z - 4*z + 2), varmap=bidict({'x': x, 'y': y, 'z': z})))",3.0,sensitive,500,73.50563793399488,80.96061802798067,0.0110952039890012
0,"System(R, (x, y, z), [[0.69999999999999995 .. 1.0000000000000000], 1, 1], (-y - z, x + 0.3980000000000000?*y, x*z - 4*z + 2), varmap=bidict({'x': x, 'y': y, 'z': z})))",3.0,lipschitz,500,8.333118304988602,67.64442083099857,0.0309250956289461
0,"System(R, (x, y, z), [[0.69999999999999995 .. 1.0000000000000000], 1, 1], (-y - z, x + 0.3980000000000000?*y, x*z - 4*z + 2), varmap=bidict({'x': x, 'y': y, 'z': z})))",3.0,sensitive,750,109.8188411819865,120.91472921299282,0.0110953699987791
0,"System(R, (x, y, z), [[0.69999999999999995 .. 1.0000000000000000], 1, 1], (-y - z, x + 0.3980000000000000?*y, x*z - 4*z + 2), varmap=bidict({'x': x, 'y': y, 'z': z})))",3.0,lipschitz,750,12.66052566099097,102.84378008698695,0.0399695343781859
0,"System(R, (x, y, z), [[0.69999999999999995 .. 1.0000000000000000], 1, 1], (-y - z, x + 0.3980000000000000?*y, x*z - 4*z + 2), varmap=bidict({'x': x, 'y': y, 'z': z})))",3.0,sensitive,1000,155.77711523199105,170.7118733539828,0.0110961495055068
0,"System(R, (x, y, z), [[0.69999999999999995 .. 1.0000000000000000], 1, 1], (-y - z, x + 0.3980000000000000?*y, x*z - 4*z + 2), varmap=bidict({'x': x, 'y': y, 'z': z})))",3.0,lipschitz,1000,16.944614178995835,135.61506385399844,0.0563126037062624
0,"System(R, (r, theta, vr, vtheta), [[1.1899999999999999 .. 1.2100000000000000], [0.48999999999999999 .. 0.51000000000000001], 0, 0], (vr, vtheta, r*vtheta^2 - 2*r + 9.8*cos(theta) + 2, -(2*vr*vtheta + 9.8*sin(theta))/r), varmap=bidict({'r': r, 'theta': theta, 'vr': vr, 'vtheta': vtheta})))",4.0, Flow*,,4.467291912995279,4.503268547006883,0.00184828668870644
0,"System(R, (r, theta, vr, vtheta), [[1.1899999999999999 .. 1.2100000000000000], [0.48999999999999999 .. 0.51000000000000001], 0, 0], (vr, vtheta, r*vtheta^2 - 2*r + 9.8*cos(theta) + 2, -(2*vr*vtheta + 9.8*sin(theta))/r), varmap=bidict({'r': r, 'theta': theta, 'vr': vr, 'vtheta': vtheta})))",4.0,sensitive,10,1.6289550799992867,1.7681597569899168,1.33121892999897e-7
0,"System(R, (r, theta, vr, vtheta), [[1.1899999999999999 .. 1.2100000000000000], [0.48999999999999999 .. 0.51000000000000001], 0, 0], (vr, vtheta, r*vtheta^2 - 2*r + 9.8*cos(theta) + 2, -(2*vr*vtheta + 9.8*sin(theta))/r), varmap=bidict({'r': r, 'theta': theta, 'vr': vr, 'vtheta': vtheta})))",4.0,lipschitz,10,0.25371067598462105,1.1561074639903381,1.10609357727086e-7
0,"System(R, (r, theta, vr, vtheta), [[1.1899999999999999 .. 1.2100000000000000], [0.48999999999999999 .. 0.51000000000000001], 0, 0], (vr, vtheta, r*vtheta^2 - 2*r + 9.8*cos(theta) + 2, -(2*vr*vtheta + 9.8*sin(theta))/r), varmap=bidict({'r': r, 'theta': theta, 'vr': vr, 'vtheta': vtheta})))",4.0,sensitive,20,2.9466894259967376,3.1963827509898692,1.33510564063451e-7
0,"System(R, (r, theta, vr, vtheta), [[1.1899999999999999 .. 1.2100000000000000], [0.48999999999999999 .. 0.51000000000000001], 0, 0], (vr, vtheta, r*vtheta^2 - 2*r + 9.8*cos(theta) + 2, -(2*vr*vtheta + 9.8*sin(theta))/r), varmap=bidict({'r': r, 'theta': theta, 'vr': vr, 'vtheta': vtheta})))",4.0,lipschitz,20,0.40240261299186386,1.9105177599994931,1.09326395142063e-7
0,"System(R, (r, theta, vr, vtheta), [[1.1899999999999999 .. 1.2100000000000000], [0.48999999999999999 .. 0.51000000000000001], 0, 0], (vr, vtheta, r*vtheta^2 - 2*r + 9.8*cos(theta) + 2, -(2*vr*vtheta + 9.8*sin(theta))/r), varmap=bidict({'r': r, 'theta': theta, 'vr': vr, 'vtheta': vtheta})))",4.0,sensitive,50,7.47337034001248,8.06454945000587,1.33420476753223e-7
0,"System(R, (r, theta, vr, vtheta), [[1.1899999999999999 .. 1.2100000000000000], [0.48999999999999999 .. 0.51000000000000001], 0, 0], (vr, vtheta, r*vtheta^2 - 2*r + 9.8*cos(theta) + 2, -(2*vr*vtheta + 9.8*sin(theta))/r), varmap=bidict({'r': r, 'theta': theta, 'vr': vr, 'vtheta': vtheta})))",4.0,lipschitz,50,0.9542803140066098,4.354783171991585,1.30106882931516e-7
0,"System(R, (r, theta, vr, vtheta), [[1.1899999999999999 .. 1.2100000000000000], [0.48999999999999999 .. 0.51000000000000001], 0, 0], (vr, vtheta, r*vtheta^2 - 2*r + 9.8*cos(theta) + 2, -(2*vr*vtheta + 9.8*sin(theta))/r), varmap=bidict({'r': r, 'theta': theta, 'vr': vr, 'vtheta': vtheta})))",4.0,sensitive,75,10.994279606995406,11.880662381008733,1.33333859796374e-7
0,"System(R, (r, theta, vr, vtheta), [[1.1899999999999999 .. 1.2100000000000000], [0.48999999999999999 .. 0.51000000000000001], 0, 0], (vr, vtheta, r*vtheta^2 - 2*r + 9.8*cos(theta) + 2, -(2*vr*vtheta + 9.8*sin(theta))/r), varmap=bidict({'r': r, 'theta': theta, 'vr': vr, 'vtheta': vtheta})))",4.0,lipschitz,75,1.7422379339986946,7.148288459022297,1.24654378645049e-7
0,"System(R, (r, theta, vr, vtheta), [[1.1899999999999999 .. 1.2100000000000000], [0.48999999999999999 .. 0.51000000000000001], 0, 0], (vr, vtheta, r*vtheta^2 - 2*r + 9.8*cos(theta) + 2, -(2*vr*vtheta + 9.8*sin(theta))/r), varmap=bidict({'r': r, 'theta': theta, 'vr': vr, 'vtheta': vtheta})))",4.0,sensitive,100,14.614295215986203,15.743330409983173,1.33235096525330e-7
0,"System(R, (r, theta, vr, vtheta), [[1.1899999999999999 .. 1.2100000000000000], [0.48999999999999999 .. 0.51000000000000001], 0, 0], (vr, vtheta, r*vtheta^2 - 2*r + 9.8*cos(theta) + 2, -(2*vr*vtheta + 9.8*sin(theta))/r), varmap=bidict({'r': r, 'theta': theta, 'vr': vr, 'vtheta': vtheta})))",4.0,lipschitz,100,1.8562023359991144,8.933249109017197,1.28605607396210e-7
0,"System(R, (r, theta, vr, vtheta), [[1.1899999999999999 .. 1.2100000000000000], [0.48999999999999999 .. 0.51000000000000001], 0, 0], (vr, vtheta, r*vtheta^2 - 2*r + 9.8*cos(theta) + 2, -(2*vr*vtheta + 9.8*sin(theta))/r), varmap=bidict({'r': r, 'theta': theta, 'vr': vr, 'vtheta': vtheta})))",4.0,sensitive,150,21.726095949008595,23.441050346998964,1.33380594760374e-7
0,"System(R, (r, theta, vr, vtheta), [[1.1899999999999999 .. 1.2100000000000000], [0.48999999999999999 .. 0.51000000000000001], 0, 0], (vr, vtheta, r*vtheta^2 - 2*r + 9.8*cos(theta) + 2, -(2*vr*vtheta + 9.8*sin(theta))/r), varmap=bidict({'r': r, 'theta': theta, 'vr': vr, 'vtheta': vtheta})))",4.0,lipschitz,150,3.013830312003847,13.68510079200496,1.28837845330603e-7
0,"System(R, (r, theta, vr, vtheta), [[1.1899999999999999 .. 1.2100000000000000], [0.48999999999999999 .. 0.51000000000000001], 0, 0], (vr, vtheta, r*vtheta^2 - 2*r + 9.8*cos(theta) + 2, -(2*vr*vtheta + 9.8*sin(theta))/r), varmap=bidict({'r': r, 'theta': theta, 'vr': vr, 'vtheta': vtheta})))",4.0,sensitive,200,29.017402458994184,31.245675020996714,1.33397256071343e-7
0,"System(R, (r, theta, vr, vtheta), [[1.1899999999999999 .. 1.2100000000000000], [0.48999999999999999 .. 0.51000000000000001], 0, 0], (vr, vtheta, r*vtheta^2 - 2*r + 9.8*cos(theta) + 2, -(2*vr*vtheta + 9.8*sin(theta))/r), varmap=bidict({'r': r, 'theta': theta, 'vr': vr, 'vtheta': vtheta})))",4.0,lipschitz,200,4.0009298420045525,18.362930536997737,1.31962899622946e-7
0,"System(R, (r, theta, vr, vtheta), [[1.1899999999999999 .. 1.2100000000000000], [0.48999999999999999 .. 0.51000000000000001], 0, 0], (vr, vtheta, r*vtheta^2 - 2*r + 9.8*cos(theta) + 2, -(2*vr*vtheta + 9.8*sin(theta))/r), varmap=bidict({'r': r, 'theta': theta, 'vr': vr, 'vtheta': vtheta})))",4.0,sensitive,400,57.3394762359967,61.87613701997907,1.33448913870807e-7
0,"System(R, (r, theta, vr, vtheta), [[1.1899999999999999 .. 1.2100000000000000], [0.48999999999999999 .. 0.51000000000000001], 0, 0], (vr, vtheta, r*vtheta^2 - 2*r + 9.8*cos(theta) + 2, -(2*vr*vtheta + 9.8*sin(theta))/r), varmap=bidict({'r': r, 'theta': theta, 'vr': vr, 'vtheta': vtheta})))",4.0,lipschitz,400,7.488376398017863,36.38611083300202,1.32269986822116e-7
0,"System(R, (r, theta, vr, vtheta), [[1.1899999999999999 .. 1.2100000000000000], [0.48999999999999999 .. 0.51000000000000001], 0, 0], (vr, vtheta, r*vtheta^2 - 2*r + 9.8*cos(theta) + 2, -(2*vr*vtheta + 9.8*sin(theta))/r), varmap=bidict({'r': r, 'theta': theta, 'vr': vr, 'vtheta': vtheta})))",4.0,sensitive,500,72.24805262000882,77.84537318500225,1.33554091249185e-7
0,"System(R, (r, theta, vr, vtheta), [[1.1899999999999999 .. 1.2100000000000000], [0.48999999999999999 .. 0.51000000000000001], 0, 0], (vr, vtheta, r*vtheta^2 - 2*r + 9.8*cos(theta) + 2, -(2*vr*vtheta + 9.8*sin(theta))/r), varmap=bidict({'r': r, 'theta': theta, 'vr': vr, 'vtheta': vtheta})))",4.0,lipschitz,500,9.749037083005533,45.31455730399466,1.33832215195165e-7
0,"System(R, (r, theta, vr, vtheta), [[1.1899999999999999 .. 1.2100000000000000], [0.48999999999999999 .. 0.51000000000000001], 0, 0], (vr, vtheta, r*vtheta^2 - 2*r + 9.8*cos(theta) + 2, -(2*vr*vtheta + 9.8*sin(theta))/r), varmap=bidict({'r': r, 'theta': theta, 'vr': vr, 'vtheta': vtheta})))",4.0,sensitive,750,107.9249761379906,116.24144459998934,1.33558958178717e-7
0,"System(R, (r, theta, vr, vtheta), [[1.1899999999999999 .. 1.2100000000000000], [0.48999999999999999 .. 0.51000000000000001], 0, 0], (vr, vtheta, r*vtheta^2 - 2*r + 9.8*cos(theta) + 2, -(2*vr*vtheta + 9.8*sin(theta))/r), varmap=bidict({'r': r, 'theta': theta, 'vr': vr, 'vtheta': vtheta})))",4.0,lipschitz,750,13.94202066998696,67.60630142898299,1.32800274133304e-7
0,"System(R, (r, theta, vr, vtheta), [[1.1899999999999999 .. 1.2100000000000000], [0.48999999999999999 .. 0.51000000000000001], 0, 0], (vr, vtheta, r*vtheta^2 - 2*r + 9.8*cos(theta) + 2, -(2*vr*vtheta + 9.8*sin(theta))/r), varmap=bidict({'r': r, 'theta': theta, 'vr': vr, 'vtheta': vtheta})))",4.0,sensitive,1000,144.43215940499795,155.53208874497795,1.33575320974062e-7
0,"System(R, (r, theta, vr, vtheta), [[1.1899999999999999 .. 1.2100000000000000], [0.48999999999999999 .. 0.51000000000000001], 0, 0], (vr, vtheta, r*vtheta^2 - 2*r + 9.8*cos(theta) + 2, -(2*vr*vtheta + 9.8*sin(theta))/r), varmap=bidict({'r': r, 'theta': theta, 'vr': vr, 'vtheta': vtheta})))",4.0,lipschitz,1000,19.620665475027636,91.10431268802495,1.33785880250634e-7
0,"System(R, (x1, x2, x3, x4, x5, x6, x7), [[0.98999999999999999 .. 1.0100000000000001], [0.98999999999999999 .. 1.0100000000000001], [0.98999999999999999 .. 1.0100000000000001], [0.98999999999999999 .. 1.0100000000000001], [0.98999999999999999 .. 1.0100000000000001], [0.98999999999999999 .. 1.0100000000000001], [0.98999999999999999 .. 1.0100000000000001]], (5*x3*x4 - 0.40000000000000003?*x1, 0.40000000000000003?*x1 - x2, -5*x3*x4 + x2, -5*x3*x4 + 5*x5*x6, 5*x3*x4 - 5*x5*x6, -5*x5*x6 + 0.50000000000000000?*x7, 5*x5*x6 - 0.50000000000000000?*x7), varmap=bidict({'x1': x1, 'x2': x2, 'x3': x3, 'x4': x4, 'x5': x5, 'x6': x6, 'x7': x7})))",, Flow*,,410.5353409899981,410.5989046889881,1.98593208419079e-7
0,"System(R, (x1, x2, x3, x4, x5, x6, x7), [[0.98999999999999999 .. 1.0100000000000001], [0.98999999999999999 .. 1.0100000000000001], [0.98999999999999999 .. 1.0100000000000001], [0.98999999999999999 .. 1.0100000000000001], [0.98999999999999999 .. 1.0100000000000001], [0.98999999999999999 .. 1.0100000000000001], [0.98999999999999999 .. 1.0100000000000001]], (5*x3*x4 - 0.40000000000000003?*x1, 0.40000000000000003?*x1 - x2, -5*x3*x4 + x2, -5*x3*x4 + 5*x5*x6, 5*x3*x4 - 5*x5*x6, -5*x5*x6 + 0.50000000000000000?*x7, 5*x5*x6 - 0.50000000000000000?*x7), varmap=bidict({'x1': x1, 'x2': x2, 'x3': x3, 'x4': x4, 'x5': x5, 'x6': x6, 'x7': x7})))",,sensitive,10,353.6339204449905,353.8134802310087,1.18151885420435e-12
0,"System(R, (x1, x2, x3, x4, x5, x6, x7), [[0.98999999999999999 .. 1.0100000000000001], [0.98999999999999999 .. 1.0100000000000001], [0.98999999999999999 .. 1.0100000000000001], [0.98999999999999999 .. 1.0100000000000001], [0.98999999999999999 .. 1.0100000000000001], [0.98999999999999999 .. 1.0100000000000001], [0.98999999999999999 .. 1.0100000000000001]], (5*x3*x4 - 0.40000000000000003?*x1, 0.40000000000000003?*x1 - x2, -5*x3*x4 + x2, -5*x3*x4 + 5*x5*x6, 5*x3*x4 - 5*x5*x6, -5*x5*x6 + 0.50000000000000000?*x7, 5*x5*x6 - 0.50000000000000000?*x7), varmap=bidict({'x1': x1, 'x2': x2, 'x3': x3, 'x4': x4, 'x5': x5, 'x6': x6, 'x7': x7})))",,lipschitz,10,3.6447641720005777,4.109500407008454,2.13124918420086e-13
0,"System(R, (x1, x2, x3, x4, x5, x6, x7), [[0.98999999999999999 .. 1.0100000000000001], [0.98999999999999999 .. 1.0100000000000001], [0.98999999999999999 .. 1.0100000000000001], [0.98999999999999999 .. 1.0100000000000001], [0.98999999999999999 .. 1.0100000000000001], [0.98999999999999999 .. 1.0100000000000001], [0.98999999999999999 .. 1.0100000000000001]], (5*x3*x4 - 0.40000000000000003?*x1, 0.40000000000000003?*x1 - x2, -5*x3*x4 + x2, -5*x3*x4 + 5*x5*x6, 5*x3*x4 - 5*x5*x6, -5*x5*x6 + 0.50000000000000000?*x7, 5*x5*x6 - 0.50000000000000000?*x7), varmap=bidict({'x1': x1, 'x2': x2, 'x3': x3, 'x4': x4, 'x5': x5, 'x6': x6, 'x7': x7})))",,sensitive,20,538.4110194270033,538.4940693709941,1.18557005388136e-12
0,"System(R, (x1, x2, x3, x4, x5, x6, x7), [[0.98999999999999999 .. 1.0100000000000001], [0.98999999999999999 .. 1.0100000000000001], [0.98999999999999999 .. 1.0100000000000001], [0.98999999999999999 .. 1.0100000000000001], [0.98999999999999999 .. 1.0100000000000001], [0.98999999999999999 .. 1.0100000000000001], [0.98999999999999999 .. 1.0100000000000001]], (5*x3*x4 - 0.40000000000000003?*x1, 0.40000000000000003?*x1 - x2, -5*x3*x4 + x2, -5*x3*x4 + 5*x5*x6, 5*x3*x4 - 5*x5*x6, -5*x5*x6 + 0.50000000000000000?*x7, 5*x5*x6 - 0.50000000000000000?*x7), varmap=bidict({'x1': x1, 'x2': x2, 'x3': x3, 'x4': x4, 'x5': x5, 'x6': x6, 'x7': x7})))",,lipschitz,20,2.5066937980009243,2.761829408002086,2.66974735882158e-13
0,"System(R, (x1, x2, x3, x4, x5, x6, x7), [[0.98999999999999999 .. 1.0100000000000001], [0.98999999999999999 .. 1.0100000000000001], [0.98999999999999999 .. 1.0100000000000001], [0.98999999999999999 .. 1.0100000000000001], [0.98999999999999999 .. 1.0100000000000001], [0.98999999999999999 .. 1.0100000000000001], [0.98999999999999999 .. 1.0100000000000001]], (5*x3*x4 - 0.40000000000000003?*x1, 0.40000000000000003?*x1 - x2, -5*x3*x4 + x2, -5*x3*x4 + 5*x5*x6, 5*x3*x4 - 5*x5*x6, -5*x5*x6 + 0.50000000000000000?*x7, 5*x5*x6 - 0.50000000000000000?*x7), varmap=bidict({'x1': x1, 'x2': x2, 'x3': x3, 'x4': x4, 'x5': x5, 'x6': x6, 'x7': x7})))",,sensitive,50,885.443691618013,885.5604000710009,1.18612979423772e-12
0,"System(R, (x1, x2, x3, x4, x5, x6, x7), [[0.98999999999999999 .. 1.0100000000000001], [0.98999999999999999 .. 1.0100000000000001], [0.98999999999999999 .. 1.0100000000000001], [0.98999999999999999 .. 1.0100000000000001], [0.98999999999999999 .. 1.0100000000000001], [0.98999999999999999 .. 1.0100000000000001], [0.98999999999999999 .. 1.0100000000000001]], (5*x3*x4 - 0.40000000000000003?*x1, 0.40000000000000003?*x1 - x2, -5*x3*x4 + x2, -5*x3*x4 + 5*x5*x6, 5*x3*x4 - 5*x5*x6, -5*x5*x6 + 0.50000000000000000?*x7, 5*x5*x6 - 0.50000000000000000?*x7), varmap=bidict({'x1': x1, 'x2': x2, 'x3': x3, 'x4': x4, 'x5': x5, 'x6': x6, 'x7': x7})))",,lipschitz,50,2.9512602199974936,3.2508404389955103,5.17542162772406e-13
0,"System(R, (x1, x2, x3, x4, x5, x6, x7), [[0.98999999999999999 .. 1.0100000000000001], [0.98999999999999999 .. 1.0100000000000001], [0.98999999999999999 .. 1.0100000000000001], [0.98999999999999999 .. 1.0100000000000001], [0.98999999999999999 .. 1.0100000000000001], [0.98999999999999999 .. 1.0100000000000001], [0.98999999999999999 .. 1.0100000000000001]], (5*x3*x4 - 0.40000000000000003?*x1, 0.40000000000000003?*x1 - x2, -5*x3*x4 + x2, -5*x3*x4 + 5*x5*x6, 5*x3*x4 - 5*x5*x6, -5*x5*x6 + 0.50000000000000000?*x7, 5*x5*x6 - 0.50000000000000000?*x7), varmap=bidict({'x1': x1, 'x2': x2, 'x3': x3, 'x4': x4, 'x5': x5, 'x6': x6, 'x7': x7})))",,sensitive,75,831.9641036459943,832.1043360710028,1.18864453982216e-12
0,"System(R, (x1, x2, x3, x4, x5, x6, x7), [[0.98999999999999999 .. 1.0100000000000001], [0.98999999999999999 .. 1.0100000000000001], [0.98999999999999999 .. 1.0100000000000001], [0.98999999999999999 .. 1.0100000000000001], [0.98999999999999999 .. 1.0100000000000001], [0.98999999999999999 .. 1.0100000000000001], [0.98999999999999999 .. 1.0100000000000001]], (5*x3*x4 - 0.40000000000000003?*x1, 0.40000000000000003?*x1 - x2, -5*x3*x4 + x2, -5*x3*x4 + 5*x5*x6, 5*x3*x4 - 5*x5*x6, -5*x5*x6 + 0.50000000000000000?*x7, 5*x5*x6 - 0.50000000000000000?*x7), varmap=bidict({'x1': x1, 'x2': x2, 'x3': x3, 'x4': x4, 'x5': x5, 'x6': x6, 'x7': x7})))",,lipschitz,75,4.600198623986216,4.995434034994105,4.15841522330211e-13
0,"System(R, (x1, x2, x3, x4, x5, x6, x7), [[0.98999999999999999 .. 1.0100000000000001], [0.98999999999999999 .. 1.0100000000000001], [0.98999999999999999 .. 1.0100000000000001], [0.98999999999999999 .. 1.0100000000000001], [0.98999999999999999 .. 1.0100000000000001], [0.98999999999999999 .. 1.0100000000000001], [0.98999999999999999 .. 1.0100000000000001]], (5*x3*x4 - 0.40000000000000003?*x1, 0.40000000000000003?*x1 - x2, -5*x3*x4 + x2, -5*x3*x4 + 5*x5*x6, 5*x3*x4 - 5*x5*x6, -5*x5*x6 + 0.50000000000000000?*x7, 5*x5*x6 - 0.50000000000000000?*x7), varmap=bidict({'x1': x1, 'x2': x2, 'x3': x3, 'x4': x4, 'x5': x5, 'x6': x6, 'x7': x7})))",,sensitive,100,1155.517959222023,1155.7450864020211,1.19065967343950e-12
0,"System(R, (x1, x2, x3, x4, x5, x6, x7), [[0.98999999999999999 .. 1.0100000000000001], [0.98999999999999999 .. 1.0100000000000001], [0.98999999999999999 .. 1.0100000000000001], [0.98999999999999999 .. 1.0100000000000001], [0.98999999999999999 .. 1.0100000000000001], [0.98999999999999999 .. 1.0100000000000001], [0.98999999999999999 .. 1.0100000000000001]], (5*x3*x4 - 0.40000000000000003?*x1, 0.40000000000000003?*x1 - x2, -5*x3*x4 + x2, -5*x3*x4 + 5*x5*x6, 5*x3*x4 - 5*x5*x6, -5*x5*x6 + 0.50000000000000000?*x7, 5*x5*x6 - 0.50000000000000000?*x7), varmap=bidict({'x1': x1, 'x2': x2, 'x3': x3, 'x4': x4, 'x5': x5, 'x6': x6, 'x7': x7})))",,lipschitz,100,7.238228131987853,7.870089745003497,5.21718508835726e-13
0,"System(R, (x1, x2, x3, x4, x5, x6, x7), [[0.98999999999999999 .. 1.0100000000000001], [0.98999999999999999 .. 1.0100000000000001], [0.98999999999999999 .. 1.0100000000000001], [0.98999999999999999 .. 1.0100000000000001], [0.98999999999999999 .. 1.0100000000000001], [0.98999999999999999 .. 1.0100000000000001], [0.98999999999999999 .. 1.0100000000000001]], (5*x3*x4 - 0.40000000000000003?*x1, 0.40000000000000003?*x1 - x2, -5*x3*x4 + x2, -5*x3*x4 + 5*x5*x6, 5*x3*x4 - 5*x5*x6, -5*x5*x6 + 0.50000000000000000?*x7, 5*x5*x6 - 0.50000000000000000?*x7), varmap=bidict({'x1': x1, 'x2': x2, 'x3': x3, 'x4': x4, 'x5': x5, 'x6': x6, 'x7': x7})))",,sensitive,150,1633.1488276340242,1633.5046481050085,1.19187881970085e-12
0,"System(R, (x1, x2, x3, x4, x5, x6, x7), [[0.98999999999999999 .. 1.0100000000000001], [0.98999999999999999 .. 1.0100000000000001], [0.98999999999999999 .. 1.0100000000000001], [0.98999999999999999 .. 1.0100000000000001], [0.98999999999999999 .. 1.0100000000000001], [0.98999999999999999 .. 1.0100000000000001], [0.98999999999999999 .. 1.0100000000000001]], (5*x3*x4 - 0.40000000000000003?*x1, 0.40000000000000003?*x1 - x2, -5*x3*x4 + x2, -5*x3*x4 + 5*x5*x6, 5*x3*x4 - 5*x5*x6, -5*x5*x6 + 0.50000000000000000?*x7, 5*x5*x6 - 0.50000000000000000?*x7), varmap=bidict({'x1': x1, 'x2': x2, 'x3': x3, 'x4': x4, 'x5': x5, 'x6': x6, 'x7': x7})))",,lipschitz,150,9.943003571010195,11.098670649022097,6.26809809198681e-13
0,"System(R, (x1, x2, x3, x4, x5, x6, x7), [[0.98999999999999999 .. 1.0100000000000001], [0.98999999999999999 .. 1.0100000000000001], [0.98999999999999999 .. 1.0100000000000001], [0.98999999999999999 .. 1.0100000000000001], [0.98999999999999999 .. 1.0100000000000001], [0.98999999999999999 .. 1.0100000000000001], [0.98999999999999999 .. 1.0100000000000001]], (5*x3*x4 - 0.40000000000000003?*x1, 0.40000000000000003?*x1 - x2, -5*x3*x4 + x2, -5*x3*x4 + 5*x5*x6, 5*x3*x4 - 5*x5*x6, -5*x5*x6 + 0.50000000000000000?*x7, 5*x5*x6 - 0.50000000000000000?*x7), varmap=bidict({'x1': x1, 'x2': x2, 'x3': x3, 'x4': x4, 'x5': x5, 'x6': x6, 'x7': x7})))",,sensitive,200,2220.9419597290107,2221.415309620992,1.19224144993997e-12
0,"System(R, (x1, x2, x3, x4, x5, x6, x7), [[0.98999999999999999 .. 1.0100000000000001], [0.98999999999999999 .. 1.0100000000000001], [0.98999999999999999 .. 1.0100000000000001], [0.98999999999999999 .. 1.0100000000000001], [0.98999999999999999 .. 1.0100000000000001], [0.98999999999999999 .. 1.0100000000000001], [0.98999999999999999 .. 1.0100000000000001]], (5*x3*x4 - 0.40000000000000003?*x1, 0.40000000000000003?*x1 - x2, -5*x3*x4 + x2, -5*x3*x4 + 5*x5*x6, 5*x3*x4 - 5*x5*x6, -5*x5*x6 + 0.50000000000000000?*x7, 5*x5*x6 - 0.50000000000000000?*x7), varmap=bidict({'x1': x1, 'x2': x2, 'x3': x3, 'x4': x4, 'x5': x5, 'x6': x6, 'x7': x7})))",,lipschitz,200,13.711415843979921,14.909320866980124,4.75896074769062e-13
0,"System(R, (x1, x2, x3, x4, x5, x6, x7), [[0.98999999999999999 .. 1.0100000000000001], [0.98999999999999999 .. 1.0100000000000001], [0.98999999999999999 .. 1.0100000000000001], [0.98999999999999999 .. 1.0100000000000001], [0.98999999999999999 .. 1.0100000000000001], [0.98999999999999999 .. 1.0100000000000001], [0.98999999999999999 .. 1.0100000000000001]], (5*x3*x4 - 0.40000000000000003?*x1, 0.40000000000000003?*x1 - x2, -5*x3*x4 + x2, -5*x3*x4 + 5*x5*x6, 5*x3*x4 - 5*x5*x6, -5*x5*x6 + 0.50000000000000000?*x7, 5*x5*x6 - 0.50000000000000000?*x7), varmap=bidict({'x1': x1, 'x2': x2, 'x3': x3, 'x4': x4, 'x5': x5, 'x6': x6, 'x7': x7})))",,sensitive,400,5249.457303244009,5250.601337636006,1.19262697789856e-12
0,"System(R, (x1, x2, x3, x4, x5, x6, x7), [[0.98999999999999999 .. 1.0100000000000001], [0.98999999999999999 .. 1.0100000000000001], [0.98999999999999999 .. 1.0100000000000001], [0.98999999999999999 .. 1.0100000000000001], [0.98999999999999999 .. 1.0100000000000001], [0.98999999999999999 .. 1.0100000000000001], [0.98999999999999999 .. 1.0100000000000001]], (5*x3*x4 - 0.40000000000000003?*x1, 0.40000000000000003?*x1 - x2, -5*x3*x4 + x2, -5*x3*x4 + 5*x5*x6, 5*x3*x4 - 5*x5*x6, -5*x5*x6 + 0.50000000000000000?*x7, 5*x5*x6 - 0.50000000000000000?*x7), varmap=bidict({'x1': x1, 'x2': x2, 'x3': x3, 'x4': x4, 'x5': x5, 'x6': x6, 'x7': x7})))",,lipschitz,400,35.64995202200953,39.020692751015304,5.81803560940647e-13
0,"System(R, (x1, x2, x3, x4, x5, x6, x7), [[0.98999999999999999 .. 1.0100000000000001], [0.98999999999999999 .. 1.0100000000000001], [0.98999999999999999 .. 1.0100000000000001], [0.98999999999999999 .. 1.0100000000000001], [0.98999999999999999 .. 1.0100000000000001], [0.98999999999999999 .. 1.0100000000000001], [0.98999999999999999 .. 1.0100000000000001]], (5*x3*x4 - 0.40000000000000003?*x1, 0.40000000000000003?*x1 - x2, -5*x3*x4 + x2, -5*x3*x4 + 5*x5*x6, 5*x3*x4 - 5*x5*x6, -5*x5*x6 + 0.50000000000000000?*x7, 5*x5*x6 - 0.50000000000000000?*x7), varmap=bidict({'x1': x1, 'x2': x2, 'x3': x3, 'x4': x4, 'x5': x5, 'x6': x6, 'x7': x7})))",,sensitive,500,6463.312387532991,6464.324272900994,1.19334289888427e-12
0,"System(R, (x1, x2, x3, x4, x5, x6, x7), [[0.98999999999999999 .. 1.0100000000000001], [0.98999999999999999 .. 1.0100000000000001], [0.98999999999999999 .. 1.0100000000000001], [0.98999999999999999 .. 1.0100000000000001], [0.98999999999999999 .. 1.0100000000000001], [0.98999999999999999 .. 1.0100000000000001], [0.98999999999999999 .. 1.0100000000000001]], (5*x3*x4 - 0.40000000000000003?*x1, 0.40000000000000003?*x1 - x2, -5*x3*x4 + x2, -5*x3*x4 + 5*x5*x6, 5*x3*x4 - 5*x5*x6, -5*x5*x6 + 0.50000000000000000?*x7, 5*x5*x6 - 0.50000000000000000?*x7), varmap=bidict({'x1': x1, 'x2': x2, 'x3': x3, 'x4': x4, 'x5': x5, 'x6': x6, 'x7': x7})))",,lipschitz,500,34.98352018898004,38.643976394989295,7.19662898318177e-13
0,"System(R, (x1, x2, x3, x4, x5, x6, x7), [[0.98999999999999999 .. 1.0100000000000001], [0.98999999999999999 .. 1.0100000000000001], [0.98999999999999999 .. 1.0100000000000001], [0.98999999999999999 .. 1.0100000000000001], [0.98999999999999999 .. 1.0100000000000001], [0.98999999999999999 .. 1.0100000000000001], [0.98999999999999999 .. 1.0100000000000001]], (5*x3*x4 - 0.40000000000000003?*x1, 0.40000000000000003?*x1 - x2, -5*x3*x4 + x2, -5*x3*x4 + 5*x5*x6, 5*x3*x4 - 5*x5*x6, -5*x5*x6 + 0.50000000000000000?*x7, 5*x5*x6 - 0.50000000000000000?*x7), varmap=bidict({'x1': x1, 'x2': x2, 'x3': x3, 'x4': x4, 'x5': x5, 'x6': x6, 'x7': x7})))",,sensitive,750,10154.396781477,10156.041511101008,1.19307213530803e-12
0,"System(R, (x1, x2, x3, x4, x5, x6, x7), [[0.98999999999999999 .. 1.0100000000000001], [0.98999999999999999 .. 1.0100000000000001], [0.98999999999999999 .. 1.0100000000000001], [0.98999999999999999 .. 1.0100000000000001], [0.98999999999999999 .. 1.0100000000000001], [0.98999999999999999 .. 1.0100000000000001], [0.98999999999999999 .. 1.0100000000000001]], (5*x3*x4 - 0.40000000000000003?*x1, 0.40000000000000003?*x1 - x2, -5*x3*x4 + x2, -5*x3*x4 + 5*x5*x6, 5*x3*x4 - 5*x5*x6, -5*x5*x6 + 0.50000000000000000?*x7, 5*x5*x6 - 0.50000000000000000?*x7), varmap=bidict({'x1': x1, 'x2': x2, 'x3': x3, 'x4': x4, 'x5': x5, 'x6': x6, 'x7': x7})))",,lipschitz,750,49.02479201200185,54.094272781017935,7.66741716888259e-13
0,"System(R, (x1, x2, x3, x4, x5, x6, x7), [[0.98999999999999999 .. 1.0100000000000001], [0.98999999999999999 .. 1.0100000000000001], [0.98999999999999999 .. 1.0100000000000001], [0.98999999999999999 .. 1.0100000000000001], [0.98999999999999999 .. 1.0100000000000001], [0.98999999999999999 .. 1.0100000000000001], [0.98999999999999999 .. 1.0100000000000001]], (5*x3*x4 - 0.40000000000000003?*x1, 0.40000000000000003?*x1 - x2, -5*x3*x4 + x2, -5*x3*x4 + 5*x5*x6, 5*x3*x4 - 5*x5*x6, -5*x5*x6 + 0.50000000000000000?*x7, 5*x5*x6 - 0.50000000000000000?*x7), varmap=bidict({'x1': x1, 'x2': x2, 'x3': x3, 'x4': x4, 'x5': x5, 'x6': x6, 'x7': x7})))",,sensitive,1000,8148.533357006003,8149.839250919991,1.19292915171060e-12
0,"System(R, (x1, x2, x3, x4, x5, x6, x7), [[0.98999999999999999 .. 1.0100000000000001], [0.98999999999999999 .. 1.0100000000000001], [0.98999999999999999 .. 1.0100000000000001], [0.98999999999999999 .. 1.0100000000000001], [0.98999999999999999 .. 1.0100000000000001], [0.98999999999999999 .. 1.0100000000000001], [0.98999999999999999 .. 1.0100000000000001]], (5*x3*x4 - 0.40000000000000003?*x1, 0.40000000000000003?*x1 - x2, -5*x3*x4 + x2, -5*x3*x4 + 5*x5*x6, 5*x3*x4 - 5*x5*x6, -5*x5*x6 + 0.50000000000000000?*x7, 5*x5*x6 - 0.50000000000000000?*x7), varmap=bidict({'x1': x1, 'x2': x2, 'x3': x3, 'x4': x4, 'x5': x5, 'x6': x6, 'x7': x7})))",,lipschitz,1000,41.82832904398674,46.23814076598501,7.09935391808365e-13
